{"train/lr":2.56016385048719e-08,"rollout/episodes_in_window":10,"train/update":9764,"_wandb":{"runtime":12741},"train/actual_kl":3.6522157589868876e-09,"rollout/reward_median":-1.5,"train/log_prob":-1.247317112982273,"train/action_loss":-4.877062747254968e-05,"train/actor_step_size":1.0240655401949628e-05,"train/fps":785,"train/ratio_mean":0.9999898560345173,"_timestamp":1.7766581717170594e+09,"_runtime":12741.201526361,"train/value_loss":0.06279022782109678,"rollout/reward_min":-5,"_step":9999360,"train/grad_norm":19.42223072052002,"train/dist_entropy":1.2357604801654816,"rollout/reward_max":3,"rollout/reward_mean":-0.8,"train/fisher_quad":3.4501353353261948,"train/precond_scale":1,"train/num_timesteps":9999360,"train/critic_grad_norm":5.768911302089691,"train/approx_kl":1.019236515276134e-05}