{"train/ratio_mean":0.995623167604208,"_timestamp":1.776696261746628e+09,"rollout/reward_median":15.5,"train/dist_entropy":1.1117133274674416,"train/grad_norm":27.15312623977661,"train/actor_step_size":0.003941671261328362,"train/value_loss":0.007162578229326755,"rollout/episodes_in_window":10,"train/log_prob":-1.1106835678219795,"train/actual_kl":0.006779311443096958,"rollout/reward_min":11,"train/num_timesteps":7424000,"train/fisher_quad":6.231932520866394,"rollout/reward_max":21,"train/lr":6.441372247823859e-05,"_runtime":4182.52907752,"train/approx_kl":0.009799360646866262,"train/fps":1775,"train/precond_scale":1,"_step":7424000,"_wandb":{"runtime":4182},"train/update":7249,"train/action_loss":-0.005212635442148894,"rollout/reward_mean":14.9}