{"train/num_timesteps":2492416,"train/lr":0.00018771121351766513,"train/grad_norm":2.37020792812109,"train/update":2433,"rollout/reward_max":10,"train/dist_entropy":2.176840305328369,"train/action_loss":-0.009881417150609195,"rollout/reward_mean":5,"rollout/reward_median":5,"_wandb":{"runtime":962},"_step":2492416,"_timestamp":1.776700326349121e+09,"train/log_prob":-2.178294911980629,"_runtime":962.722446034,"train/value_loss":0.4025707198306918,"rollout/reward_min":0,"rollout/episodes_in_window":10,"train/ratio_mean":0.9982808865606785,"train/fps":2593,"train/approx_kl":0.004148942738538608}