{"_timestamp":1.7767013030162952e+09,"train/ratio_mean":1.0015958696603775,"train/lr":0.0003,"train/num_timesteps":8192,"train/update":0,"rollout/reward_median":0,"train/approx_kl":0.005607157169530789,"_wandb":{"runtime":5},"rollout/reward_min":0,"train/grad_norm":5.8084938526153564,"train/action_loss":-0.009068936104692208,"train/log_prob":-2.7134149372577667,"train/fps":2256,"rollout/reward_mean":3,"rollout/reward_max":10,"train/dist_entropy":2.700777659813563,"rollout/episodes_in_window":10,"train/value_loss":0.7007948458194733,"_step":8192,"_runtime":5.819311381}