{"train/num_timesteps":38912,"_step":38912,"train/actor_step_size":0.049810547875064004,"train/grad_norm":0.26819351129233837,"rollout/episodes_in_window":10,"train/dist_entropy":1.6867905408143997,"train/value_loss":0.04791082418523729,"rollout/reward_min":-21,"rollout/reward_mean":-20.7,"train/approx_kl":-0.0027613386046141386,"_wandb":{"runtime":1086},"rollout/reward_median":-21,"_runtime":1086.609342641,"train/lr":0.00024905273937532,"_timestamp":1.7766210056152704e+09,"train/ratio_mean":1.0047751143574715,"train/action_loss":-0.0035761358158197254,"train/fps":36,"train/critic_grad_norm":0.20770792417170014,"train/log_prob":-1.6934385746717453,"train/update":37,"train/fisher_quad":0.13436352752614766,"rollout/reward_max":-20}