{"train/precond_scale":1,"train/num_timesteps":9999360,"_step":9999360,"train/grad_norm":27.48048770427704,"_runtime":12385.944451541,"train/actual_kl":3.5401512103738764e-09,"train/critic_grad_norm":9.542633414268494,"train/log_prob":-1.3383422195911407,"rollout/reward_min":-5,"train/update":9764,"_timestamp":1.7766578166015408e+09,"train/ratio_mean":0.9999863170087337,"train/lr":2.56016385048719e-08,"train/fisher_quad":2.4686184450984,"rollout/episodes_in_window":10,"_wandb":{"runtime":12385},"train/approx_kl":1.3701646821573377e-05,"rollout/reward_mean":-1.3,"train/value_loss":0.05795539263635874,"train/actor_step_size":1.0240655401949628e-05,"rollout/reward_median":-2.5,"train/dist_entropy":1.329887367784977,"rollout/reward_max":2,"train/action_loss":-4.226283635944128e-05,"train/fps":807}