{"rollout/reward_min":0,"_timestamp":1.7767051276042914e+09,"rollout/reward_max":10,"_wandb":{"runtime":168},"rollout/reward_median":0,"rollout/reward_mean":3,"train/value_loss":0.7837283805012702,"train/update":67,"train/lr":0.009780399868895444,"train/action_loss":0.00923341598827392,"_runtime":168.299792432,"train/log_prob":-2.3217025876045225,"train/ratio_mean":0.9966548413038254,"_step":557056,"train/dist_entropy":2.289253067970276,"train/fps":3380,"train/grad_norm":0.30303694382309915,"train/approx_kl":0.020625095267314465,"train/num_timesteps":557056,"rollout/episodes_in_window":10}