{"train/lr":0.00013868407578085,"train/fisher_quad":1.719660997390747,"train/update":4348,"_step":4453376,"train/actual_kl":0.009033177251694724,"rollout/reward_max":-1,"train/precond_scale":0.9968315778446728,"train/value_loss":0.0703615767415613,"train/num_timesteps":4453376,"train/critic_grad_norm":18.27309749275446,"train/log_prob":-1.236146293580532,"rollout/reward_median":-4.5,"rollout/reward_mean":-5.5,"_wandb":{"runtime":3872},"train/actor_step_size":0.02422577229181923,"_timestamp":1.7766268121836705e+09,"train/dist_entropy":1.1662065610289574,"train/approx_kl":0.022210946190170944,"train/action_loss":-0.007644958095625043,"rollout/reward_min":-12,"train/fps":1150,"_runtime":3872.935998002,"rollout/episodes_in_window":10,"train/grad_norm":21.350908428430557,"train/ratio_mean":0.9880731850862503}