{"train/lr":0.0002461160275319567,"rollout/reward_min":0,"rollout/episodes_in_window":10,"_wandb":{"runtime":1323},"train/ratio_mean":0.9950391550858816,"train/num_timesteps":4497408,"train/value_loss":0.4241499863564968,"rollout/reward_max":10,"_timestamp":1.7767026462916288e+09,"_step":4497408,"rollout/reward_mean":9,"train/log_prob":-2.309125393629074,"train/fps":3403,"train/dist_entropy":2.268814633289973,"train/grad_norm":2.0949772795041404,"train/action_loss":-0.011969184192518393,"rollout/reward_median":10,"train/approx_kl":0.017621253597705316,"_runtime":1323.627438074,"train/update":548}