{"_timestamp":1.7766315560003664e+09,"train/value_loss":0.041657006833702326,"train/actual_kl":4.274045557750572e-08,"train/lr":8.535336292251044e-08,"rollout/episodes_in_window":10,"_runtime":3769.668528874,"rollout/reward_min":-7,"rollout/reward_max":18,"train/fps":796,"train/approx_kl":1.5889090718701482e-05,"_wandb":{"runtime":3769},"train/update":2928,"train/grad_norm":19.271389722824097,"train/num_timesteps":2999296,"rollout/reward_median":2,"train/precond_scale":1,"train/critic_grad_norm":13.097634553909302,"train/dist_entropy":1.1319392397999763,"train/log_prob":-1.107787847518921,"train/actor_step_size":3.414134516900314e-05,"train/ratio_mean":0.9999844208359718,"rollout/reward_mean":3.1,"train/action_loss":-0.00010642455890774727,"_step":2999296,"train/fisher_quad":2.2127644941210747}