{"train/lr":0.0009747623729924615,"_timestamp":1.7767045539652865e+09,"rollout/reward_max":10,"_wandb":{"runtime":191},"rollout/episodes_in_window":10,"train/log_prob":-2.6756219148635862,"train/fps":3394,"_step":638976,"train/approx_kl":0.0030917205091100185,"train/action_loss":-0.005963411729317159,"train/dist_entropy":2.66570965051651,"_runtime":191.187768783,"train/grad_norm":0.3961717616766691,"train/num_timesteps":638976,"train/ratio_mean":1.0008029118180275,"rollout/reward_min":0,"train/update":77,"rollout/reward_mean":4,"rollout/reward_median":0,"train/value_loss":0.2526643220335245}