{"train/value_loss":0.0211725402623415,"train/grad_norm":5.573415279388428,"rollout/reward_mean":-20.4,"train/fisher_quad":0.04360423982143402,"rollout/reward_median":-20.5,"_step":548864,"train/approx_kl":0.003783294465392828,"_runtime":162.217797679,"train/precond_scale":1,"rollout/reward_min":-21,"train/ratio_mean":0.9979342222213745,"train/log_prob":-1.756455898284912,"train/actor_step_size":0.08934266580567557,"train/action_loss":-0.003782913088798523,"rollout/reward_max":-19,"train/fps":3427,"_wandb":{"runtime":162},"train/lr":0.0002363031233998976,"train/update":535,"_timestamp":1.7766964753748653e+09,"train/dist_entropy":1.7582356929779053,"train/actual_kl":0.0018144422210752964,"train/num_timesteps":548864,"rollout/episodes_in_window":10}