{"train/approx_kl":0.00012265716213732958,"train/actor_step_size":0.009313876088069635,"train/critic_grad_norm":0.1351448856294155,"train/dist_entropy":0.003881588621879928,"rollout/reward_median":-21,"rollout/reward_max":-21,"train/num_timesteps":687104,"train/fps":1557,"train/action_loss":-5.653034895658493e-05,"train/log_prob":-0.009692940511740744,"train/value_loss":0.0014476263531832956,"_runtime":443.472669954,"train/lr":0.00023284690220174093,"rollout/reward_min":-21,"train/grad_norm":0.08194270939566195,"_wandb":{"runtime":443},"train/fisher_quad":0.04460708354599774,"train/ratio_mean":0.9998989999294281,"rollout/episodes_in_window":10,"_timestamp":1.7766220941398141e+09,"train/update":670,"rollout/reward_mean":-21,"_step":687104}