{"_wandb":{"runtime":217},"train/dist_entropy":2.5869761804739633,"train/grad_norm":1.3290651862819989,"rollout/reward_min":0,"train/num_timesteps":1654784,"train/approx_kl":0.005700265712221153,"_step":1654784,"rollout/reward_max":10,"train/lr":0.0004672131147540984,"rollout/episodes_in_window":10,"train/fps":7690,"train/log_prob":-2.5893095632394156,"train/ratio_mean":0.9989342813690504,"train/action_loss":-0.006315308060341825,"train/update":100,"rollout/reward_mean":6,"train/value_loss":0.17298800932864347,"_runtime":217.905888522,"_timestamp":1.7767041526357603e+09,"rollout/reward_median":10}