{"train/fps":5675,"train/approx_kl":0.007795476781514783,"_runtime":103.691194673,"train/dist_entropy":2.256952335437139,"train/value_loss":0.9941690439979235,"train/ratio_mean":0.9992614959677061,"rollout/reward_median":10,"train/lr":0.0004888524590163935,"rollout/reward_min":0,"rollout/reward_mean":7,"train/update":34,"_step":573440,"_timestamp":1.7767039198623445e+09,"_wandb":{"runtime":103},"train/log_prob":-2.269467920064926,"rollout/episodes_in_window":10,"train/grad_norm":3.1469345688819885,"rollout/reward_max":10,"train/action_loss":-0.006026018119882792,"train/num_timesteps":573440}