{"train/update":177,"train/lr":0.00029782501843204716,"_runtime":437.190559729,"rollout/episodes_in_window":10,"train/ratio_mean":1.001240688065688,"rollout/reward_median":5,"_step":1458176,"train/num_timesteps":1458176,"_timestamp":1.7767012824703057e+09,"train/value_loss":0.21778518023590246,"train/grad_norm":1.013378066321214,"train/log_prob":-2.600914607445399,"rollout/reward_mean":5,"_wandb":{"runtime":437},"rollout/reward_min":0,"rollout/reward_max":10,"train/dist_entropy":2.5917631884415946,"train/fps":3359,"train/approx_kl":0.005110848486462298,"train/action_loss":-0.008939545776229352}