{"rollout/episodes_in_window":10,"_step":2999296,"train/actual_kl":4.634313717499783e-09,"train/approx_kl":4.271359648555517e-05,"rollout/reward_max":19,"rollout/reward_mean":7.1,"train/action_loss":-7.206457667052746e-05,"train/fisher_quad":1.410302348434925,"train/actor_step_size":3.414134516900314e-05,"train/lr":8.535336292251044e-08,"train/log_prob":-0.5420920550823212,"_runtime":3720.930764593,"train/num_timesteps":2999296,"rollout/reward_min":-2,"train/grad_norm":11.824363589286804,"train/critic_grad_norm":3.5154391415417194,"train/fps":807,"_wandb":{"runtime":3720},"train/precond_scale":1,"train/update":2928,"rollout/reward_median":1,"train/value_loss":0.06001149560324848,"_timestamp":1.7766315073270674e+09,"train/dist_entropy":0.5299327522516251,"train/ratio_mean":0.9999573677778244}