{"train/dist_entropy":1.9185848385095596,"_timestamp":1.776705641971093e+09,"train/approx_kl":0.007129945297492668,"_wandb":{"runtime":505},"rollout/reward_max":10,"rollout/reward_median":0,"_runtime":505.716441679,"train/value_loss":0.7593442291021347,"train/grad_norm":2.708707383275032,"train/ratio_mean":0.9996736496686935,"train/num_timesteps":1482752,"train/log_prob":-1.9152833610773086,"rollout/episodes_in_window":10,"train/lr":9.410029498525074e-05,"rollout/reward_mean":4,"train/action_loss":-0.0038205859600566328,"rollout/reward_min":0,"train/fps":2957,"train/update":180,"_step":1482752}