{"train/dist_entropy":1.3368431404232979,"train/lr":2.56016385048719e-08,"train/actor_step_size":1.0240655401949628e-05,"train/grad_norm":14.713135182857513,"_runtime":12548.572467306,"_wandb":{"runtime":12548},"train/fisher_quad":1.6531782001256943,"train/critic_grad_norm":3.7294893860816956,"train/num_timesteps":9999360,"train/precond_scale":1,"train/action_loss":-2.357526682317257e-05,"train/ratio_mean":0.9999967068433762,"train/value_loss":0.05122313182801008,"train/actual_kl":1.3998031206385875e-10,"train/update":9764,"train/approx_kl":3.3137912396341562e-06,"_timestamp":1.776657979323706e+09,"rollout/reward_mean":6.6,"_step":9999360,"rollout/reward_median":4.5,"train/log_prob":-1.3287857845425606,"rollout/reward_max":20,"rollout/episodes_in_window":10,"train/fps":797,"rollout/reward_min":-7}