{"train/grad_norm":14.720678061246872,"train/fisher_quad":2.265711434185505,"train/actual_kl":4.1351305019032836e-09,"train/actor_step_size":1.0240655401949628e-05,"_timestamp":1.7766579608415854e+09,"_wandb":{"runtime":12530},"train/log_prob":-1.2055553793907166,"train/lr":2.56016385048719e-08,"rollout/episodes_in_window":10,"rollout/reward_median":12,"train/fps":798,"train/action_loss":-4.5037828385829926e-05,"train/num_timesteps":9999360,"train/approx_kl":2.1586864022538066e-05,"train/precond_scale":1,"_step":9999360,"train/critic_grad_norm":4.34758229367435,"train/value_loss":0.045682706870138645,"train/update":9764,"rollout/reward_mean":10.9,"train/ratio_mean":0.9999784827232361,"_runtime":12530.277477525,"rollout/reward_min":4,"rollout/reward_max":18,"train/dist_entropy":1.2343733757734299}