{"train/grad_norm":21.74343067407608,"train/actual_kl":4.8666972451982815e-08,"train/log_prob":-1.219571553170681,"rollout/episodes_in_window":10,"train/update":2928,"_timestamp":1.7766315880540433e+09,"_wandb":{"runtime":3801},"rollout/reward_min":-7,"train/approx_kl":4.3290769099257886e-05,"train/value_loss":0.058926482452079654,"train/dist_entropy":1.2373094111680984,"train/critic_grad_norm":3.736926080659032,"rollout/reward_max":-1,"rollout/reward_mean":-4.6,"train/action_loss":-0.00010522548109292984,"train/precond_scale":1,"train/fisher_quad":2.3827114775776863,"train/num_timesteps":2999296,"rollout/reward_median":-5,"train/lr":8.535336292251044e-08,"train/ratio_mean":0.9999571405351162,"_runtime":3801.457772781,"train/fps":790,"train/actor_step_size":3.414134516900314e-05,"_step":2999296}