{"train/update":2405,"rollout/reward_max":21,"_runtime":1125.516072206,"train/log_prob":-1.4463811963796616,"_timestamp":1.7766222443317735e+09,"train/lr":0.00018842805939580135,"train/fps":2193,"train/num_timesteps":2463744,"train/dist_entropy":1.4437084347009659,"train/approx_kl":0.0014083215210121125,"train/action_loss":-0.007512811804190278,"_wandb":{"runtime":1125},"rollout/reward_mean":12.8,"rollout/reward_min":-19,"rollout/reward_median":18,"train/value_loss":0.030269852373749018,"rollout/episodes_in_window":10,"train/grad_norm":1.2197837643325329,"train/ratio_mean":1.0003425665199757,"_step":2463744}