{"train/grad_norm":3.038530007004738,"train/approx_kl":0.01112349473987706,"train/action_loss":-0.005832663970068097,"train/dist_entropy":1.8271234929561615,"train/update":454,"rollout/reward_min":0,"train/value_loss":1.017264649271965,"train/lr":0.0002383768561187916,"rollout/episodes_in_window":10,"train/fps":1474,"_runtime":317.724713247,"_wandb":{"runtime":317},"rollout/reward_mean":6,"rollout/reward_median":10,"rollout/reward_max":10,"train/log_prob":-1.8627167716622353,"train/ratio_mean":0.9957014322280884,"_timestamp":1.776700720726178e+09,"train/num_timesteps":465920,"_step":465920}