{"train/approx_kl":0.0004705903702415526,"_runtime":4.028730378,"_step":8192,"train/update":0,"train/log_prob":-2.7085097551345827,"train/num_timesteps":8192,"rollout/reward_max":10,"_wandb":{"runtime":4},"rollout/reward_mean":1.25,"rollout/reward_median":0,"train/grad_norm":0.08877842519432307,"_timestamp":1.7767075961928873e+09,"train/action_loss":-0.0005974108818918467,"rollout/reward_min":0,"train/lr":0.0001,"train/ratio_mean":0.9996849700808526,"train/fps":3478,"train/value_loss":0.05217676848405972,"train/dist_entropy":2.707891982793808,"rollout/episodes_in_window":8}