{"rollout/reward_min":15,"train/update":9764,"train/precond_scale":1,"train/value_loss":0.013305277563631535,"rollout/reward_median":20,"train/fps":1457,"train/dist_entropy":1.102186180651188,"_wandb":{"runtime":6864},"train/lr":2.56016385048719e-08,"rollout/reward_max":21,"_runtime":6864.96739505,"train/actual_kl":-2.8189463090189104e-10,"rollout/episodes_in_window":10,"rollout/reward_mean":19.6,"train/approx_kl":1.4028046280145645e-07,"_timestamp":1.7767035651813757e+09,"train/log_prob":-1.105957269668579,"train/num_timesteps":9999360,"train/actor_step_size":1.0487102306147122e-09,"train/fisher_scale":1,"_step":9999360,"train/fisher_quad":4.077277556061745,"train/grad_norm":26.966123342514038,"train/action_loss":9.735813364386559e-07,"train/ratio_mean":0.9999998547136784}