{"_step":2629632,"rollout/reward_max":10,"train/log_prob":-0.7156392678618431,"rollout/reward_min":0,"train/fps":4150,"train/lr":8.951163552933465e-05,"train/action_loss":-0.0011611765017732977,"_wandb":{"runtime":635},"rollout/reward_mean":6,"train/grad_norm":12.032732486724854,"rollout/episodes_in_window":10,"train/num_timesteps":2629632,"train/ratio_mean":1.0006483107805253,"rollout/reward_median":10,"_runtime":635.960643579,"train/update":320,"train/approx_kl":0.00010746483167167753,"train/dist_entropy":0.715735787153244,"_timestamp":1.776706735204647e+09,"train/value_loss":1.1025707617402076}