{"train/update":4,"train/approx_kl":0.002176601905375719,"train/lr":0.00024989759344598057,"train/dist_entropy":1.7212822884321213,"train/num_timesteps":5120,"_runtime":160.717606186,"train/value_loss":0.08512903982773423,"_step":5120,"train/ratio_mean":0.9993047900497913,"train/actor_step_size":0.04997951868919612,"_timestamp":1.776619908808011e+09,"train/fisher_quad":0.2542835373315029,"train/action_loss":-0.00037610321305692196,"train/log_prob":-1.715734787285328,"train/critic_grad_norm":0.275868704309687,"train/grad_norm":0.3051267806440592,"_wandb":{"runtime":160}}