{"_timestamp":1.77665811910613e+09,"train/value_loss":0.05630079377442598,"train/log_prob":-1.3447122424840927,"rollout/reward_mean":-1.7,"train/dist_entropy":1.349116511642933,"train/fisher_quad":2.7459211200475693,"train/approx_kl":1.1023264960385859e-05,"train/precond_scale":1,"_runtime":12688.424133643,"train/num_timesteps":9999360,"train/actor_step_size":1.0240655401949628e-05,"rollout/reward_max":4,"train/ratio_mean":0.999988991767168,"rollout/episodes_in_window":10,"_wandb":{"runtime":12688},"rollout/reward_min":-5,"train/critic_grad_norm":3.626453462522477,"_step":9999360,"train/grad_norm":20.048399329185486,"train/action_loss":-4.275282844901085e-05,"train/actual_kl":4.469658962391598e-09,"rollout/reward_median":-2,"train/lr":2.56016385048719e-08,"train/update":9764,"train/fps":788}