{"train/fps":788,"_wandb":{"runtime":3810},"train/num_timesteps":2999296,"train/actor_step_size":3.414134516900314e-05,"train/ratio_mean":0.9999868348240852,"train/action_loss":-0.00010385212954133749,"train/log_prob":-1.290505401790142,"rollout/reward_max":-3,"train/fisher_quad":2.734086900949478,"_runtime":3810.034118966,"train/grad_norm":20.96572709083557,"rollout/episodes_in_window":10,"rollout/reward_median":-5.5,"_step":2999296,"train/lr":8.535336292251044e-08,"rollout/reward_mean":-5.9,"train/precond_scale":1,"train/dist_entropy":1.3198678195476532,"_timestamp":1.7766315967572448e+09,"rollout/reward_min":-10,"train/update":2928,"train/critic_grad_norm":2.926299776881933,"train/approx_kl":1.3307741028256714e-05,"train/value_loss":0.05065763741731644,"train/actual_kl":2.4083920843742668e-08}