{"_step":500736,"_timestamp":1.7766229253457139e+09,"train/approx_kl":-1.7197453416883945e-07,"train/critic_grad_norm":0.4629361188854091,"train/lr":0.00023750640040962623,"train/fps":1853,"rollout/reward_max":-18,"train/action_loss":-7.012428250163794e-05,"train/log_prob":-1.7859528735280037,"train/dist_entropy":1.7830877304077148,"rollout/reward_min":-21,"rollout/episodes_in_window":10,"train/update":488,"_runtime":272.348356664,"rollout/reward_median":-20,"train/actual_kl":1.035824383210926e-08,"rollout/reward_mean":-20.1,"_wandb":{"runtime":272},"train/grad_norm":0.5024851635098457,"train/fisher_quad":0.006398432771675289,"train/ratio_mean":1.0000002719461918,"train/num_timesteps":500736,"train/value_loss":0.0471199715975672,"train/actor_step_size":0.009500256016385048}