{"_wandb":{"runtime":1191},"rollout/reward_min":0,"rollout/reward_mean":5,"train/approx_kl":0.001128582694218494,"train/num_timesteps":5562368,"rollout/reward_median":5,"eval/reward_min":0,"_timestamp":1.7767088216430624e+09,"_runtime":1191.273330755,"train/action_loss":-0.0018002623051870613,"eval/reward_mean":7,"train/update":678,"train/fps":4679,"eval/reward_median":10,"train/ratio_mean":1.0000888675451278,"eval/episodes":10,"train/grad_norm":8.578662312030792,"rollout/reward_max":10,"train/value_loss":0.5712335541844368,"train/lr":7.777777777777778e-05,"_step":5562368,"rollout/episodes_in_window":10,"train/dist_entropy":0.5616610318422317,"train/log_prob":-0.5457973912358284,"eval/reward_max":10}