{"train/critic_grad_norm":11.468368649482727,"train/precond_scale":1,"train/fisher_quad":2.290110655128956,"train/dist_entropy":1.3165649995207787,"train/grad_norm":17.09863832592964,"train/ratio_mean":0.9999629631638527,"train/num_timesteps":2999296,"train/update":2928,"_timestamp":1.776631549241102e+09,"train/lr":8.535336292251044e-08,"rollout/episodes_in_window":10,"rollout/reward_mean":-3.7,"_step":2999296,"rollout/reward_median":-3,"rollout/reward_min":-10,"train/value_loss":0.059727956308051944,"train/action_loss":-0.00010349135845899582,"train/actual_kl":1.6458503858396423e-08,"train/fps":798,"train/actor_step_size":3.414134516900314e-05,"_wandb":{"runtime":3762},"train/log_prob":-1.3104514256119728,"train/approx_kl":3.720077802427113e-05,"rollout/reward_max":1,"_runtime":3762.731827107}