{"_runtime":238.41152143,"train/value_loss":0.30098225688561797,"train/log_prob":-2.6904785558581352,"train/actor_step_size":0.09747195899792034,"eval/reward_min":0,"_timestamp":1.7767090970955582e+09,"eval/episodes":32,"train/lr":0.0004975417895771878,"rollout/reward_max":10,"rollout/reward_median":0,"_wandb":{"runtime":238},"train/dist_entropy":2.692203864455223,"eval/reward_max":0,"eval/reward_median":0,"rollout/reward_min":0,"_step":131072,"rollout/episodes_in_window":10,"train/fisher_scale":1,"eval/reward_mean":0,"train/precond_scale":1,"train/action_loss":-0.0006041987653588876,"train/fps":584,"train/ratio_mean":1.0000230241566896,"train/approx_kl":4.763538163388148e-05,"train/actual_kl":6.399390849765041e-05,"train/grad_norm":0.06479592982213944,"train/num_timesteps":131072,"rollout/reward_mean":3,"train/update":15,"train/fisher_quad":0.02053390037326608}