{"train/value_loss":0.033455099910497665,"train/grad_norm":35.988545417785645,"rollout/reward_max":1,"_runtime":1155.879562407,"train/log_prob":-1.2527165710926056,"train/ratio_mean":0.9985868334770203,"_wandb":{"runtime":1155},"train/actor_step_size":0.006666747933360332,"rollout/episodes_in_window":10,"_timestamp":1.776697659580495e+09,"train/update":2365,"train/precond_scale":1,"train/fisher_scale":1,"train/actual_kl":0.0059212129563093185,"train/num_timesteps":2422784,"rollout/reward_mean":-3,"train/lr":0.0001894521249359959,"rollout/reward_median":-3,"train/fisher_quad":5.162815988063812,"_step":2422784,"train/action_loss":-0.008147052489221096,"train/dist_entropy":1.27751025557518,"rollout/reward_min":-6,"train/fps":2100,"train/approx_kl":0.005796534940600395}