{"train/value_loss":0.05466843117028475,"train/actor_step_size":3.414134516900314e-05,"train/approx_kl":2.3466054699383676e-05,"train/fps":800,"train/dist_entropy":1.3149075135588646,"train/lr":8.535336292251044e-08,"train/grad_norm":15.27644458413124,"_wandb":{"runtime":3752},"rollout/reward_median":-3.5,"train/log_prob":-1.3092281445860863,"_runtime":3752.82337116,"rollout/reward_max":-2,"rollout/reward_mean":-3.9,"rollout/episodes_in_window":10,"_step":2999296,"_timestamp":1.7766315390561104e+09,"train/ratio_mean":0.9999767206609249,"train/action_loss":-7.960514631122351e-05,"train/actual_kl":9.79671939405069e-09,"train/num_timesteps":2999296,"train/update":2928,"train/critic_grad_norm":2.9016563510522246,"train/fisher_quad":1.5516754239797592,"train/precond_scale":1,"rollout/reward_min":-8}