{"_step":801792,"train/approx_kl":4.929490387439728e-06,"train/dist_entropy":0.0025285806914325804,"train/num_timesteps":801792,"_timestamp":1.7766226554853168e+09,"_wandb":{"runtime":432},"rollout/reward_min":-21,"rollout/reward_mean":-21,"train/ratio_mean":0.9999952241778374,"train/fps":1865,"train/actor_step_size":0.009199180747567844,"train/lr":0.00022997951868919611,"train/fisher_quad":0.009622320823837072,"train/value_loss":0.0019115084360237233,"rollout/episodes_in_window":10,"_runtime":432.475600887,"rollout/reward_median":-21,"train/grad_norm":0.03110033366829157,"train/critic_grad_norm":0.027846121578477323,"train/action_loss":1.9260914996266365e-07,"rollout/reward_max":-21,"train/log_prob":-0.009771661832928658,"train/update":782}