{"train/value_loss":0.08114649076014757,"train/grad_norm":0.012023401075566653,"train/critic_grad_norm":0.07800237725314219,"_runtime":442.559607247,"rollout/reward_mean":-21,"train/num_timesteps":687104,"train/fps":1561,"train/approx_kl":2.389424480497837e-06,"_timestamp":1.776621605263221e+09,"train/update":670,"rollout/reward_min":-21,"rollout/reward_max":-21,"train/fisher_quad":0.0022002611084701584,"_wandb":{"runtime":442},"train/dist_entropy":0.0020960697438567877,"rollout/episodes_in_window":10,"_step":687104,"rollout/reward_median":-21,"train/action_loss":-1.792795956134796e-08,"train/actor_step_size":0.04656938044034819,"train/log_prob":-0.00019095803145319223,"train/lr":0.00023284690220174093,"train/ratio_mean":0.9999975934624672}