{"_timestamp":1.776699337990879e+09,"_wandb":{"runtime":28},"rollout/reward_mean":4,"train/update":64,"rollout/reward_min":0,"train/action_loss":-0.005204787943512201,"train/fps":2472,"train/ratio_mean":1.000999540090561,"_step":66560,"rollout/reward_max":10,"rollout/episodes_in_window":10,"rollout/reward_median":0,"train/value_loss":0.8588163144886494,"train/grad_norm":0.7149700205773115,"train/dist_entropy":2.6166490614414215,"train/log_prob":-2.6414796113967896,"train/num_timesteps":66560,"train/lr":0.0002483614951356887,"train/approx_kl":0.00104438720154576,"_runtime":28.951358883}