{"train/dist_entropy":1.1489432752132416,"train/precond_scale":0.9633883476483185,"train/grad_norm":18.867331504821777,"train/ratio_mean":0.9850884601473808,"rollout/reward_median":-4,"_timestamp":1.7766268081942124e+09,"train/value_loss":0.06757355527952313,"rollout/reward_min":-11,"_runtime":3731.140291808,"train/action_loss":-0.009282364917453378,"train/lr":0.00014498207885304659,"_wandb":{"runtime":3731},"train/update":4102,"train/num_timesteps":4201472,"train/actual_kl":0.009080957839614712,"train/fisher_quad":2.0661111027002335,"train/log_prob":-1.1832999289035797,"rollout/episodes_in_window":10,"train/approx_kl":0.030291481700260192,"rollout/reward_max":15,"train/critic_grad_norm":32.65681019425392,"rollout/reward_mean":-2,"_step":4201472,"train/fps":1126,"train/actor_step_size":0.02620479843223315}