{"train/critic_grad_norm":13.407437145709991,"train/actual_kl":1.8908220267288556e-09,"train/lr":2.56016385048719e-08,"rollout/reward_mean":5.7,"_step":9999360,"train/update":9764,"train/fisher_quad":2.117140553891659,"train/precond_scale":1,"rollout/episodes_in_window":10,"train/dist_entropy":1.2564757838845253,"train/value_loss":0.06109156156890094,"_wandb":{"runtime":12685},"_runtime":12685.086879682,"train/log_prob":-1.2524484172463417,"train/approx_kl":5.322785000316799e-06,"train/num_timesteps":9999360,"train/fps":788,"train/grad_norm":16.50465750694275,"train/actor_step_size":1.0240655401949628e-05,"rollout/reward_max":20,"rollout/reward_median":2,"rollout/reward_min":-4,"train/ratio_mean":0.9999946877360344,"_timestamp":1.7766581155072181e+09,"train/action_loss":-2.3915490601211786e-05}